{"restaurant_id": 1, "name": "Giftos Lahore Karahi", "nb_reviews": "647", "cuisine": ["Indian", "Asian", "Pakistani"], "phone_number": "+44 20 8813 8669", "ranking": " of 75 Restaurants in Southall", "rating": "4.0", "address": "162-164 The Broadway, Southall, Ealing UB1 1NN England", "min_price": 2, "max_price": 3, "website": "http://www.gifto.com/"}
{"restaurant_id": 11, "name": "Sidra", "nb_reviews": "140", "cuisine": ["Lebanese", "Cafe", "Mediterranean"], "phone_number": "+44 20 8977 2725", "ranking": " of 51 Restaurants in Teddington", "rating": "5.0", "address": "5 Church Road, Teddington, Richmond TW11 8PF England", "min_price": 1, "max_price": 1, "website": "http://www.sidrateddington.co.uk/"}
{"restaurant_id": 14, "name": "The French Table", "nb_reviews": "1,213", "cuisine": ["French", "European", "Vegetarian Friendly"], "phone_number": "+44 20 8399 2365", "ranking": " of 87 Restaurants in Surbiton", "rating": "4.5", "address": "85 Maple Road, Surbiton, Kingston upon Thames KT6 4AW England", "min_price": 4, "max_price": 4, "website": "http://www.thefrenchtable.co.uk/"}
{"restaurant_id": 9, "name": "Orpington Citi Kitchen", "nb_reviews": "139", "cuisine": ["Indian", "Asian", "Vegetarian Friendly"], "phone_number": "+44 20 8302 2222", "ranking": " of 120 Restaurants in Orpington", "rating": "5.0", "address": "82 Cotmandene Crescent, Orpington, Bromley BR5 2RG England", "min_price": 2, "max_price": 3, "website": "https://www.chefonline.co.uk/orpington-citi-kitchen-orpington-bromley-br5/menu"}
{"restaurant_id": 13, "name": "Umi", "nb_reviews": "417", "cuisine": ["Japanese", "Sushi", "Asian"], "phone_number": "+44 20 8892 2976", "ranking": " of 138 Restaurants in Twickenham", "rating": "5.0", "address": "30 York Street, Twickenham TW1 3LJ England", "min_price": 2, "max_price": 3, "website": "https://maps.google.com/maps?saddr=&daddr=30+York+Street%2C+Twickenham+TW1+3LJ+England@51.447475,-0.327142"}
{"restaurant_id": 15, "name": "Wild Thyme", "nb_reviews": "194", "cuisine": ["Cafe", "European", "British"], "phone_number": "+44 20 8354 9321", "ranking": " of 16,989 Restaurants in London", "rating": "5.0", "address": "2B Thorpebank Road, London W12 0PQ England", "min_price": 2, "max_price": 3, "website": "http://www.wildthymelondon.com/"}
{"restaurant_id": 10, "name": "Taste Of Peshawar", "nb_reviews": "171", "cuisine": ["Grill", "Pakistani", "Afghani"], "phone_number": "+44 20 3015 4133", "ranking": " of 155 Restaurants in Wembley", "rating": "5.0", "address": "62 Harrow Road, Wembley HA9 6PL England", "min_price": 2, "max_price": 3, "website": "http://www.facebook.com/Taste-Of-Peshawar-135579947067630/"}
{"restaurant_id": 12, "name": "Madhu's", "nb_reviews": "528", "cuisine": ["Indian", "Asian", "Grill"], "phone_number": "+44 20 8574 1897", "ranking": " of 75 Restaurants in Southall", "rating": "4.0", "address": "39 South Road, Southall, Ealing UB1 1SW England", "min_price": 2, "max_price": 3, "website": "http://www.madhus.co.uk/"}
{"restaurant_id": 8, "name": "The Lounge Cafe", "nb_reviews": "231", "cuisine": ["British", "Vegetarian Friendly", "Vegan Options"], "phone_number": "+44 7771 730946", "ranking": " of 16,989 Restaurants in London", "rating": "5.0", "address": "Welford Centre 113 Chalkhill Road The Welford Centre, London HA9 9FX England", "min_price": 1, "max_price": 1, "website": "https://www.facebook.com/loungecafewembley/"}
{"restaurant_id": 7, "name": "Rendez Vous Caffe", "nb_reviews": "275", "cuisine": ["Cafe", "International", "British"], "phone_number": "+44 20 8650 0480", "ranking": " of 88 Restaurants in Beckenham", "rating": "5.0", "address": "94 High Street, Beckenham BR3 1ED England", "min_price": 2, "max_price": 3, "website": "https://www.facebook.com/rendezvouscaffe1/"}
{"restaurant_id": 6, "name": "Ottimmo Bao Bao", "nb_reviews": "113", "cuisine": ["Japanese", "Asian", "Vegetarian Friendly"], "phone_number": "+44 1895 253049", "ranking": " of 102 Restaurants in Uxbridge", "rating": "5.0", "address": "45 Windsor Street, Uxbridge UB8 1AB England", "min_price": 1, "max_price": 1, "website": "http://ottimmo-bao-bao.business.site/"}
{"restaurant_id": 5, "name": "Piate", "nb_reviews": "102", "cuisine": ["Mediterranean", "European", "Vegetarian Friendly"], "phone_number": "+44 20 8617 1092", "ranking": " of 16,989 Restaurants in London", "rating": "5.0", "address": "300 King Street Ravenscourt Park, London W6 0RR England", "min_price": 2, "max_price": 3, "website": "http://www.piate.co.uk/"}
{"restaurant_id": 4, "name": "the Orpington", "nb_reviews": "173", "cuisine": ["International", "European", "British"], "phone_number": "+44 1689 666900", "ranking": " of 120 Restaurants in Orpington", "rating": "5.0", "address": "161 High Street Next door to Iceland, Orpington, Bromley BR6 0LW England", "min_price": 2, "max_price": 3, "website": "http://theorpington.co.uk/"}
{"restaurant_id": 3, "name": "La Dolce Vita", "nb_reviews": "1,118", "cuisine": ["Italian", "Pizza", "Mediterranean"], "phone_number": "+44 20 8977 8779", "ranking": " of 51 Restaurants in Teddington", "rating": "5.0", "address": "195 Waldegrave Road, Teddington, Richmond TW11 8LX England", "min_price": 2, "max_price": 3, "website": "http://www.la-dolce-vita-teddington.co.uk/"}
{"restaurant_id": 35, "name": "Melucci's", "nb_reviews": "277", "cuisine": ["Italian", "Deli", "Vegetarian Friendly"], "phone_number": "+44 1322 558640", "ranking": " of 36 Restaurants in Bexley", "rating": "5.0", "address": "55 Bexley High Street, Bexley DA5 1AB England", "min_price": 2, "max_price": 3, "website": "http://meluccis.co.uk/"}
{"restaurant_id": 2, "name": "Bombaylicious", "nb_reviews": "74", "cuisine": ["Indian", "Asian", "Grill"], "phone_number": "+44 20 8660 8915", "ranking": " of 35 Restaurants in Coulsdon", "rating": "5.0", "address": "145 Brighton Road, Coulsdon CR5 2NJ England", "min_price": 2, "max_price": 3, "website": "http://www.bombaylicious.co.uk/"}
{"restaurant_id": 34, "name": "4 Locos Argentine Steakhouse", "nb_reviews": "139", "cuisine": ["Steakhouse", "Argentinian", "Vegetarian Friendly"], "phone_number": "+44 20 8660 5200", "ranking": " of 32 Restaurants in Purley", "rating": "5.0", "address": "6-8 Tudor Court- Russell Hill Road, Purley CR8 2LA England", "min_price": 2, "max_price": 3, "website": "http://www.4locos.co.uk/"}
{"restaurant_id": 33, "name": "Mezzet Dar", "nb_reviews": "430", "cuisine": ["Lebanese", "Mediterranean", "Spanish"], "phone_number": "+44 20 8783 0149", "ranking": " of 37 Restaurants in East Molesey", "rating": "5.0", "address": "39 Bridge Road Hampton Court, East Molesey KT8 9ER England", "min_price": 2, "max_price": 3, "website": "http://www.mezzetdar.co.uk/"}
{"restaurant_id": 32, "name": "Obon Sushi & Udon", "nb_reviews": "206", "cuisine": ["Japanese", "Vegetarian Friendly", "Gluten Free Options"], "phone_number": "+44 20 8546 5452", "ranking": " of 168 Restaurants in Kingston upon Thames", "rating": "5.0", "address": "42 Richmond Road, Kingston upon Thames KT2 5EE England", "min_price": 2, "max_price": 3, "website": "http://www.facebook.com/Obonkingston"}
{"restaurant_id": 31, "name": "Awesome Thai #Barnes", "nb_reviews": "656", "cuisine": ["Asian", "Thai", "Vegetarian Friendly"], "phone_number": "+44 20 8563 7027", "ranking": " of 16,989 Restaurants in London", "rating": "4.5", "address": "68 Church Road Barnes, London SW13 0DQ England", "min_price": 2, "max_price": 3, "website": "http://www.awesomethai.co.uk/"}
{"restaurant_id": 29, "name": "Haweli of Ealing", "nb_reviews": "314", "cuisine": ["Indian", "Asian", "Balti"], "phone_number": "+44 20 8567 6211", "ranking": " of 48 Restaurants in Ealing", "rating": "4.5", "address": "127-129 Uxbridge Road West Ealing, Ealing W13 9AU England", "min_price": 2, "max_price": 3, "website": "http://www.haweliofealing.com/"}
{"restaurant_id": 30, "name": "Madhu's Heathrow", "nb_reviews": "637", "cuisine": ["Indian", "Asian", "Vegetarian Friendly"], "phone_number": "+44 20 8564 3380", "ranking": " of 83 Restaurants in Hayes", "rating": "4.5", "address": "Bath Road Sheraton Skyline Hotel London Heathrow, Hayes UB3 5BP England", "min_price": 2, "max_price": 3, "website": "http://www.madhusheathrow.com/"}
{"restaurant_id": 28, "name": "Revolution", "nb_reviews": "1,289", "cuisine": ["Bar", "Pizza", "British"], "phone_number": "+44 20 8940 1379", "ranking": " of 116 Restaurants in Richmond", "rating": "4.5", "address": "4 Whittaker Avenue Richmond, Richmond TW9 1EH England", "min_price": 2, "max_price": 3, "website": "http://www.revolution-bars.co.uk/bar/london-richmond/"}
{"restaurant_id": 27, "name": "Lentil", "nb_reviews": "345", "cuisine": ["Indian", "Asian", "Nepalese"], "phone_number": "+44 20 8560 5900", "ranking": " of 16,989 Restaurants in London", "rating": "5.0", "address": "185 South Ealing Road, London W5 4RH England", "min_price": 2, "max_price": 3, "website": "https://www.facebook.com/pages/Lentil/1074685759224724?sk=timeline"}
{"restaurant_id": 26, "name": "Ponte Nuovo", "nb_reviews": "907", "cuisine": ["Italian", "Pizza", "Mediterranean"], "phone_number": "+44 20 8686 1112", "ranking": " of 337 Restaurants in Croydon", "rating": "4.5", "address": "86-88 High Street, Croydon CR0 1NA England", "min_price": 2, "max_price": 3, "website": "http://ponte-nuovo.co.uk/home/"}
{"restaurant_id": 24, "name": "Kulcha Express", "nb_reviews": "36", "cuisine": ["Indian", "Fast food", "Asian"], "phone_number": "+44 20 8843 2226", "ranking": " of 75 Restaurants in Southall", "rating": "4.5", "address": "108 The Green, Southall, Ealing UB2 4BQ England", "min_price": 1, "max_price": 1, "website": "https://kulchaexpress.co.uk/southall/"}
{"restaurant_id": 25, "name": "La Plata Steakhouse", "nb_reviews": "221", "cuisine": ["Steakhouse", "Latin", "Argentinian"], "phone_number": "+44 20 8876 7747", "ranking": " of 116 Restaurants in Richmond", "rating": "5.0", "address": "East Sheen 109 Sheen Lane, Richmond SW14 8AE England", "min_price": 2, "max_price": 3, "website": "http://www.laplatarestaurant.com/"}
{"restaurant_id": 23, "name": "Doosra", "nb_reviews": "207", "cuisine": ["Indian", "Vegetarian Friendly", "Vegan Options"], "phone_number": "+44 20 3196 7716", "ranking": " of 87 Restaurants in Surbiton", "rating": "5.0", "address": "282 Ewell Road, Surbiton, Kingston upon Thames KT6 7AQ England", "min_price": 2, "max_price": 3, "website": "http://www.doosra.kitchen/"}
{"restaurant_id": 21, "name": "Bella Italia Uxbridge", "nb_reviews": "891", "cuisine": ["Italian", "Healthy", "Vegetarian Friendly"], "phone_number": "+44 1895 379689", "ranking": " of 102 Restaurants in Uxbridge", "rating": "4.5", "address": "198-200 High Street Intu Uxbridge, Uxbridge UB8 1LB England", "min_price": 2, "max_price": 3, "website": "https://www.bellaitalia.co.uk/italian-restaurant/uxbridge/intu-uxbridge"}
{"restaurant_id": 20, "name": "Oliveira Organic Vegetarian Kitchen", "nb_reviews": "195", "cuisine": ["International", "European", "Contemporary"], "phone_number": "+44 20 8255 2462", "ranking": " of 16,989 Restaurants in London", "rating": "5.0", "address": "469 Upper Richmond Road West, London SW14 7PU England", "min_price": 2, "max_price": 3, "website": "http://www.oliveira-restaurant.com/"}
{"restaurant_id": 22, "name": "Spice Station", "nb_reviews": "214", "cuisine": ["Indian", "Asian", "Balti"], "phone_number": "+44 20 8524 0883", "ranking": " of 42 Restaurants in Chingford", "rating": "4.5", "address": "140 Station Road, Chingford, Waltham Forest E4 6AN England", "min_price": 2, "max_price": 3, "website": "http://www.spicestationandbar.co.uk/contact.html"}
{"restaurant_id": 19, "name": "Tony Parkin at The Tudor Room", "nb_reviews": "472", "cuisine": ["European", "British", "Contemporary"], "phone_number": "+44 1784 433822", "ranking": " of 33 Restaurants in Egham", "rating": "5.0", "address": "Great Fosters Stroude Road, Egham TW20 0UR England", "min_price": 4, "max_price": 4, "website": "http://www.greatfosters.co.uk/"}
{"restaurant_id": 18, "name": "Tamara Lounge", "nb_reviews": "684", "cuisine": ["Indian", "Asian", "Vegetarian Friendly"], "phone_number": "+44 20 8848 1919", "ranking": " of 102 Restaurants in Uxbridge", "rating": "3.5", "address": "Uxbridge Road, Uxbridge UB10 0NA England", "min_price": 2, "max_price": 3, "website": "http://www.tamaralounge.com/"}
{"restaurant_id": 17, "name": "Mezzet Lebanese Restaurant", "nb_reviews": "1,249", "cuisine": ["Lebanese", "Mediterranean", "Middle Eastern"], "phone_number": "+44 20 8979 4088", "ranking": " of 37 Restaurants in East Molesey", "rating": "4.5", "address": "43 Bridge Road, East Molesey KT8 9ER England", "min_price": 2, "max_price": 3, "website": "http://www.mezzet.co.uk/"}
{"restaurant_id": 16, "name": "ITJL", "nb_reviews": "254", "cuisine": ["Asian", "Vegetarian Friendly", "Vegan Options"], "phone_number": "+44 20 3952 7517", "ranking": " of 6 Restaurants in Colindale", "rating": "5.0", "address": "10 Charcot Road, Colindale NW9 5HR England", "min_price": 1, "max_price": 1, "website": "http://www.itjl.co.uk/"}
