{"restaurant_id": 1, "name": "Tamara Lounge", "nb_reviews": "684", "cuisine": ["Indian", "Asian", "Vegetarian Friendly"], "phone_number": "+44 20 8848 1919", "ranking": "#17 of 102 Restaurants in Uxbridge", "rating": "3.5", "address": "Uxbridge Road, Uxbridge UB10 0NA England", "min_price": 2, "max_price": 3, "website": "Website not scraped", "menu": "Menu not scraped"}
{"restaurant_id": 35, "name": "Melucci's", "nb_reviews": "277", "cuisine": ["Italian", "Deli", "Vegetarian Friendly"], "phone_number": "+44 1322 558640", "ranking": "#1 of 36 Restaurants in Bexley", "rating": "5.0", "address": "55 Bexley High Street, Bexley DA5 1AB England", "min_price": 2, "max_price": 3, "website": "Website not scraped", "menu": "Menu not scraped"}
{"restaurant_id": 34, "name": "4 Locos Argentine Steakhouse", "nb_reviews": "139", "cuisine": ["Steakhouse", "Argentinian", "Vegetarian Friendly"], "phone_number": "+44 20 8660 5200", "ranking": "#1 of 32 Restaurants in Purley", "rating": "5.0", "address": "6-8 Tudor Court- Russell Hill Road, Purley CR8 2LA England", "min_price": 2, "max_price": 3, "website": "Website not scraped", "menu": "Menu not scraped"}
{"restaurant_id": 33, "name": "Mezzet Dar", "nb_reviews": "430", "cuisine": ["Lebanese", "Mediterranean", "Spanish"], "phone_number": "+44 20 8783 0149", "ranking": "#2 of 37 Restaurants in East Molesey", "rating": "5.0", "address": "39 Bridge Road Hampton Court, East Molesey KT8 9ER England", "min_price": 2, "max_price": 3, "website": "Website not scraped", "menu": "Menu not scraped"}
{"restaurant_id": 31, "name": "Awesome Thai #Barnes", "nb_reviews": "656", "cuisine": ["Asian", "Thai", "Vegetarian Friendly"], "phone_number": "+44 20 8563 7027", "ranking": "#66 of 16,989 Restaurants in London", "rating": "4.5", "address": "68 Church Road Barnes, London SW13 0DQ England", "min_price": 2, "max_price": 3, "website": "Website not scraped", "menu": "Menu not scraped"}
{"restaurant_id": 32, "name": "Obon Sushi & Udon", "nb_reviews": "206", "cuisine": ["Japanese", "Vegetarian Friendly", "Gluten Free Options"], "phone_number": "+44 20 8546 5452", "ranking": "#1 of 168 Restaurants in Kingston upon Thames", "rating": "5.0", "address": "42 Richmond Road, Kingston upon Thames KT2 5EE England", "min_price": 2, "max_price": 3, "website": "Website not scraped", "menu": "Menu not scraped"}
{"restaurant_id": 30, "name": "Madhu's", "nb_reviews": "528", "cuisine": ["Indian", "Asian", "Grill"], "phone_number": "+44 20 8574 1897", "ranking": "Ranking not found", "rating": "4.0", "address": "39 South Road, Southall, Ealing UB1 1SW England", "min_price": 2, "max_price": 3, "website": "Website not scraped", "menu": "Menu not scraped"}
{"restaurant_id": 29, "name": "Haweli of Ealing", "nb_reviews": "314", "cuisine": ["Indian", "Asian", "Balti"], "phone_number": "+44 20 8567 6211", "ranking": "Ranking not found", "rating": "4.5", "address": "127-129 Uxbridge Road West Ealing, Ealing W13 9AU England", "min_price": 2, "max_price": 3, "website": "Website not scraped", "menu": "Menu not scraped"}
{"restaurant_id": 23, "name": "Spice Station", "nb_reviews": "214", "cuisine": ["Indian", "Asian", "Balti"], "phone_number": "+44 20 8524 0883", "ranking": "#1 of 42 Restaurants in Chingford", "rating": "4.5", "address": "140 Station Road, Chingford, Waltham Forest E4 6AN England", "min_price": 2, "max_price": 3, "website": "Website not scraped", "menu": "Menu not scraped"}
{"restaurant_id": 28, "name": "Revolution", "nb_reviews": "1,289", "cuisine": ["Bar", "Pizza", "British"], "phone_number": "+44 20 8940 1379", "ranking": "#2 of 116 Restaurants in Richmond", "rating": "4.5", "address": "4 Whittaker Avenue Richmond, Richmond TW9 1EH England", "min_price": 2, "max_price": 3, "website": "Website not scraped", "menu": "Menu not scraped"}
{"restaurant_id": 26, "name": "Ponte Nuovo", "nb_reviews": "907", "cuisine": ["Italian", "Pizza", "Mediterranean"], "phone_number": "+44 20 8686 1112", "ranking": "#1 of 337 Restaurants in Croydon", "rating": "4.5", "address": "86-88 High Street, Croydon CR0 1NA England", "min_price": 2, "max_price": 3, "website": "Website not scraped", "menu": "Menu not scraped"}
{"restaurant_id": 24, "name": "Doosra", "nb_reviews": "207", "cuisine": ["Indian", "Vegetarian Friendly", "Vegan Options"], "phone_number": "+44 20 3196 7716", "ranking": "#2 of 87 Restaurants in Surbiton", "rating": "5.0", "address": "282 Ewell Road, Surbiton, Kingston upon Thames KT6 7AQ England", "min_price": 2, "max_price": 3, "website": "Website not scraped", "menu": "Menu not scraped"}
{"restaurant_id": 27, "name": "Lentil", "nb_reviews": "345", "cuisine": ["Indian", "Asian", "Nepalese"], "phone_number": "+44 20 8560 5900", "ranking": "#51 of 16,989 Restaurants in London", "rating": "5.0", "address": "185 South Ealing Road, London W5 4RH England", "min_price": 2, "max_price": 3, "website": "Website not scraped", "menu": "Menu not scraped"}
{"restaurant_id": 22, "name": "Bella Italia Uxbridge", "nb_reviews": "891", "cuisine": ["Italian", "Healthy", "Vegetarian Friendly"], "phone_number": "+44 1895 379689", "ranking": "#2 of 102 Restaurants in Uxbridge", "rating": "4.5", "address": "198-200 High Street Intu Uxbridge, Uxbridge UB8 1LB England", "min_price": 2, "max_price": 3, "website": "Website not scraped", "menu": "Menu not scraped"}
{"restaurant_id": 25, "name": "La Plata Steakhouse", "nb_reviews": "221", "cuisine": ["Steakhouse", "Latin", "Argentinian"], "phone_number": "+44 20 8876 7747", "ranking": "#1 of 116 Restaurants in Richmond", "rating": "5.0", "address": "East Sheen 109 Sheen Lane, Richmond SW14 8AE England", "min_price": 2, "max_price": 3, "website": "Website not scraped", "menu": "Menu not scraped"}
{"restaurant_id": 20, "name": "Tony Parkin at The Tudor Room", "nb_reviews": "472", "cuisine": ["European", "British", "Contemporary"], "phone_number": "+44 1784 433822", "ranking": "Ranking not found", "rating": "5.0", "address": "Great Fosters Stroude Road, Egham TW20 0UR England", "min_price": 4, "max_price": 4, "website": "Website not scraped", "menu": "Menu not scraped"}
{"restaurant_id": 21, "name": "Oliveira Organic Vegetarian Kitchen", "nb_reviews": "195", "cuisine": ["International", "European", "Contemporary"], "phone_number": "+44 20 8255 2462", "ranking": "#30 of 16,989 Restaurants in London", "rating": "5.0", "address": "469 Upper Richmond Road West, London SW14 7PU England", "min_price": 2, "max_price": 3, "website": "Website not scraped", "menu": "Menu not scraped"}
{"restaurant_id": 70, "name": "Sebastian's Italian, Richmond", "nb_reviews": "204", "cuisine": ["Italian", "Pizza", "Mediterranean"], "phone_number": "+44 20 3745 8282", "ranking": "#5 of 116 Restaurants in Richmond", "rating": "4.5", "address": "12-13 King Street, Richmond TW9 1ND England", "min_price": 2, "max_price": 3, "website": "Website not scraped", "menu": "Menu not scraped"}
{"restaurant_id": 71, "name": "Q Verde", "nb_reviews": "657", "cuisine": ["Italian", "Mediterranean", "European"], "phone_number": "+44 20 8332 2882", "ranking": "#1 of 21 Restaurants in Kew", "rating": "4.5", "address": "291 Sandycombe Road, Kew, Richmond TW9 3LU England", "min_price": 2, "max_price": 3, "website": "Website not scraped", "menu": "Menu not scraped"}
{"restaurant_id": 107, "name": "Mario's Pizzeria", "nb_reviews": "453", "cuisine": ["Italian", "Pizza", "Vegetarian Friendly"], "phone_number": "+44 20 3260 2132", "ranking": "#1 of 92 Restaurants in Sidcup", "rating": "4.5", "address": "148 Station Road, Sidcup DA15 7AB England", "min_price": 2, "max_price": 3, "website": "Website not scraped", "menu": "Menu not scraped"}
{"restaurant_id": 106, "name": "Wok & Karahi", "nb_reviews": "62", "cuisine": ["Chinese", "Indian", "Asian"], "phone_number": "+44 20 8574 7188", "ranking": "Ranking not found", "rating": "5.0", "address": "13 South Road, Southall, Southall, Ealing UB1 1SU England", "min_price": 4, "max_price": 4, "website": "Website not scraped", "menu": "Menu not scraped"}
{"restaurant_id": 143, "name": "Steak And Lobster Heathrow", "nb_reviews": "1,208", "cuisine": ["Steakhouse", "Seafood", "British"], "phone_number": "+44 20 8817 2583", "ranking": "#2 of 83 Restaurants in Hayes", "rating": "4.5", "address": "140 Bath Road, Hayes UB3 5AW England", "min_price": 2, "max_price": 3, "website": "Website not scraped", "menu": "Menu not scraped"}
{"restaurant_id": 179, "name": "Friends Restaurant", "nb_reviews": "773", "cuisine": ["European", "British", "Vegetarian Friendly"], "phone_number": "+44 20 8866 0286", "ranking": "Ranking not found", "rating": "4.5", "address": "11 High Street, Pinner HA5 5PJ England", "min_price": 4, "max_price": 4, "website": "Website not scraped", "menu": "Menu not scraped"}
{"restaurant_id": 177, "name": "Galata Pera", "nb_reviews": "321", "cuisine": ["Mediterranean", "European", "Turkish"], "phone_number": "+44 20 8560 1798", "ranking": "#2 of 48 Restaurants in Brentford", "rating": "4.5", "address": "1 Town Meadow, Brentford, Ealing TW8 0BQ England", "min_price": 2, "max_price": 3, "website": "Website not scraped", "menu": "Menu not scraped"}
{"restaurant_id": 176, "name": "Indian Zest", "nb_reviews": "681", "cuisine": ["Indian", "Vegetarian Friendly", "Vegan Options"], "phone_number": "+44 1932 765000", "ranking": "#1 of 19 Restaurants in Sunbury", "rating": "4.5", "address": "21 Thames Street, Sunbury TW16 5QF England", "min_price": 2, "max_price": 3, "website": "Website not scraped", "menu": "Menu not scraped"}
{"restaurant_id": 178, "name": "Shampan 3 Welling", "nb_reviews": "597", "cuisine": ["Indian", "Asian", "Balti"], "phone_number": "+44 20 8304 9569", "ranking": "#1 of 55 Restaurants in Welling", "rating": "4.5", "address": "8 Falconwood Parade The Green, Welling DA16 2PL England", "min_price": 2, "max_price": 3, "website": "Website not scraped", "menu": "Menu not scraped"}
{"restaurant_id": 175, "name": "The Canbury Arms", "nb_reviews": "149", "cuisine": ["Bar", "British", "Pub"], "phone_number": "+44 20 8255 9129", "ranking": "#6 of 168 Restaurants in Kingston upon Thames", "rating": "4.5", "address": "49 Canbury Park Road, Kingston upon Thames KT2 6LQ England", "min_price": 2, "max_price": 3, "website": "Website not scraped", "menu": "Menu not scraped"}
{"restaurant_id": 173, "name": "Carved", "nb_reviews": "210", "cuisine": ["American", "Deli"], "phone_number": "+44 20 8616 2860", "ranking": "#4 of 83 Restaurants in Bexleyheath", "rating": "4.5", "address": "146 Broadway, Bexleyheath DA6 7DW England", "min_price": 2, "max_price": 3, "website": "Website not scraped", "menu": "Menu not scraped"}
{"restaurant_id": 172, "name": "Lomito", "nb_reviews": "619", "cuisine": ["Steakhouse", "Argentinian", "Vegetarian Friendly"], "phone_number": "+44 1923 829499", "ranking": "#1 of 44 Restaurants in Northwood", "rating": "4.5", "address": "41 Green Lane, Northwood HA6 3AE England", "min_price": 2, "max_price": 3, "website": "Website not scraped", "menu": "Menu not scraped"}
{"restaurant_id": 170, "name": "Poor Boys", "nb_reviews": "407", "cuisine": ["American", "Cajun & Creole", "Bar"], "phone_number": "+44 20 8546 4777", "ranking": "#5 of 168 Restaurants in Kingston upon Thames", "rating": "4.5", "address": "5 The Griffin Centre Market Place, Kingston upon Thames KT1 1JT England", "min_price": 2, "max_price": 3, "website": "Website not scraped", "menu": "Menu not scraped"}
{"restaurant_id": 171, "name": "Number One Thai Restaurant", "nb_reviews": "342", "cuisine": ["Asian", "Thai", "Vegetarian Friendly"], "phone_number": "+44 20 8643 3399", "ranking": "#2 of 129 Restaurants in Sutton", "rating": "4.5", "address": "1 Cheam Road, Sutton SM1 1SN England", "min_price": 2, "max_price": 3, "website": "Website not scraped", "menu": "Menu not scraped"}
{"restaurant_id": 169, "name": "Cinnamon Cafe", "nb_reviews": "470", "cuisine": ["Cafe", "British", "Vegetarian Friendly"], "phone_number": "+44 1753 857879", "ranking": "#9 of 131 Restaurants in Windsor", "rating": "4.5", "address": "The Old Ticket Hall Windsor Royal Station Jubilee Arch Windsor Royal Station, Windsor SL4 1PJ England", "min_price": 1, "max_price": 1, "website": "Website not scraped", "menu": "Menu not scraped"}
{"restaurant_id": 167, "name": "One One Four", "nb_reviews": "220", "cuisine": ["International", "European", "Vegetarian Friendly"], "phone_number": "+44 20 3745 8114", "ranking": "#3 of 51 Restaurants in Teddington", "rating": "4.5", "address": "114 High Street, Teddington, Richmond TW11 8JB England", "min_price": 2, "max_price": 3, "website": "Website not scraped", "menu": "Menu not scraped"}
{"restaurant_id": 164, "name": "Istanbul Grill", "nb_reviews": "102", "cuisine": ["Turkish", "Vegetarian Friendly", "Vegan Options"], "phone_number": "+44 1689 856222", "ranking": "#3 of 178 Restaurants in Bromley", "rating": "5.0", "address": "360 Crofton Road, Bromley BR6 8NN England", "min_price": 2, "max_price": 3, "website": "Website not scraped", "menu": "Menu not scraped"}
{"restaurant_id": 166, "name": "A la Russe", "nb_reviews": "749", "cuisine": ["French", "International", "European"], "phone_number": "+44 1753 833009", "ranking": "#11 of 131 Restaurants in Windsor", "rating": "4.5", "address": "6 High Street, Windsor SL4 1LD England", "min_price": 2, "max_price": 3, "website": "Website not scraped", "menu": "Menu not scraped"}
{"restaurant_id": 165, "name": "Assos Restaurant", "nb_reviews": "397", "cuisine": ["Mediterranean", "European", "Turkish"], "phone_number": "+44 1322 558884", "ranking": "Ranking not found", "rating": "4.5", "address": "140 Crayford Road, Crayford DA1 4ES England", "min_price": 2, "max_price": 3, "website": "Website not scraped", "menu": "Menu not scraped"}
{"restaurant_id": 163, "name": "Lara Grill", "nb_reviews": "418", "cuisine": ["Barbecue", "European", "Turkish"], "phone_number": "+44 20 8517 3355", "ranking": "#1 of 66 Restaurants in Dagenham", "rating": "4.5", "address": "20 Whalebone Lane South, Dagenham RM8 1BJ England", "min_price": 2, "max_price": 3, "website": "Website not scraped", "menu": "Menu not scraped"}
{"restaurant_id": 161, "name": "Riennas", "nb_reviews": "458", "cuisine": ["Steakhouse", "Seafood", "European"], "phone_number": "+44 1708 469463", "ranking": "#3 of 94 Restaurants in Hornchurch", "rating": "4.5", "address": "196 High Street, Hornchurch RM12 6QP England", "min_price": 2, "max_price": 3, "website": "Website not scraped", "menu": "Menu not scraped"}
{"restaurant_id": 160, "name": "Beirut Nights", "nb_reviews": "623", "cuisine": ["Lebanese", "Mediterranean", "Middle Eastern"], "phone_number": "+44 20 8961 2101", "ranking": "#345 of 16,989 Restaurants in London", "rating": "4.5", "address": "19 Abbey Road Park royal, London NW10 7RB England", "min_price": 2, "max_price": 3, "website": "Website not scraped", "menu": "Menu not scraped"}
{"restaurant_id": 158, "name": "Leftbank Restaurant", "nb_reviews": "703", "cuisine": ["European", "British", "Vegetarian Friendly"], "phone_number": "+44 1784 220999", "ranking": "#3 of 33 Restaurants in Egham", "rating": "4.5", "address": "The Runnymede-On-Thames The Runnymede-On-Thames Hotel and Spa, Egham TW20 0AG England", "min_price": 2, "max_price": 3, "website": "Website not scraped", "menu": "Menu not scraped"}
{"restaurant_id": 157, "name": "Roz Ana", "nb_reviews": "572", "cuisine": ["Indian", "Asian", "Contemporary"], "phone_number": "+44 20 8546 6388", "ranking": "Ranking not found", "rating": "4.5", "address": "4-8 Kingston Hill, Kingston upon Thames KT2 7NH England", "min_price": 2, "max_price": 3, "website": "Website not scraped", "menu": "Menu not scraped"}
{"restaurant_id": 159, "name": "Chatora", "nb_reviews": "126", "cuisine": ["Indian", "Asian", "Contemporary"], "phone_number": "+44 20 8948 6786", "ranking": "Ranking not found", "rating": "5.0", "address": "100 Kew Road, Richmond, Richmond TW9 2PQ England", "min_price": 2, "max_price": 3, "website": "Website not scraped", "menu": "Menu not scraped"}
{"restaurant_id": 155, "name": "Annayu Restaurant", "nb_reviews": "697", "cuisine": ["Indian", "Asian", "Vegetarian Friendly"], "phone_number": "+44 20 8759 6311", "ranking": "#3 of 83 Restaurants in Hayes", "rating": "4.5", "address": "140 Bath Road, Hayes UB3 5AW England", "min_price": 2, "max_price": 3, "website": "Website not scraped", "menu": "Menu not scraped"}
{"restaurant_id": 153, "name": "Turtle Bay - Staines", "nb_reviews": "871", "cuisine": ["Caribbean", "Bar", "Healthy"], "phone_number": "+44 1784 466660", "ranking": "#4 of 57 Restaurants in Staines", "rating": "4.5", "address": "24-26 High Street, Staines TW18 4EE England", "min_price": 2, "max_price": 3, "website": "Website not scraped", "menu": "Menu not scraped"}
