{"restaurant_id": 4, "name": "La Dolce Vita", "nb_reviews": "1,118", "min_price": 2, "max_price": 3, "cuisine": ["Italian", "Pizza", "Mediterranean"], "address": "195 Waldegrave Road, Teddington, Richmond TW11 8LX England", "phone_number": "+44 20 8977 8779", "website": "Website not scraped", "menu": "Menu not scraped", "ranking": "#1 of 51 Restaurants in Teddington", "rating": "5.0"}
{"restaurant_id": 1, "name": "Giftos Lahore Karahi", "nb_reviews": "647", "min_price": 2, "max_price": 3, "cuisine": ["Indian", "Asian", "Pakistani"], "address": "162-164 The Broadway, Southall, Ealing UB1 1NN England", "phone_number": "+44 20 8813 8669", "website": "Website not scraped", "menu": "Menu not scraped", "ranking": "Ranking not found", "rating": "4.0"}
{"restaurant_id": 9, "name": "Orpington Citi Kitchen", "nb_reviews": "139", "min_price": 2, "max_price": 3, "cuisine": ["Indian", "Asian", "Vegetarian Friendly"], "address": "82 Cotmandene Crescent, Orpington, Bromley BR5 2RG England", "phone_number": "+44 20 8302 2222", "website": "Website not scraped", "menu": "Menu not scraped", "ranking": "#2 of 120 Restaurants in Orpington", "rating": "5.0"}
{"restaurant_id": 3, "name": "the Orpington", "nb_reviews": "173", "min_price": 2, "max_price": 3, "cuisine": ["International", "European", "British"], "address": "161 High Street Next door to Iceland, Orpington, Bromley BR6 0LW England", "phone_number": "+44 1689 666900", "website": "Website not scraped", "menu": "Menu not scraped", "ranking": "#1 of 120 Restaurants in Orpington", "rating": "5.0"}
{"restaurant_id": 2, "name": "Bombaylicious", "nb_reviews": "74", "min_price": 2, "max_price": 3, "cuisine": ["Indian", "Asian", "Grill"], "address": "145 Brighton Road, Coulsdon CR5 2NJ England", "phone_number": "+44 20 8660 8915", "website": "Website not scraped", "menu": "Menu not scraped", "ranking": "Ranking not found", "rating": "5.0"}
{"restaurant_id": 10, "name": "Taste Of Peshawar", "nb_reviews": "171", "min_price": 2, "max_price": 3, "cuisine": ["Grill", "Pakistani", "Afghani"], "address": "62 Harrow Road, Wembley HA9 6PL England", "phone_number": "+44 20 3015 4133", "website": "Website not scraped", "menu": "Menu not scraped", "ranking": "#1 of 155 Restaurants in Wembley", "rating": "5.0"}
{"restaurant_id": 5, "name": "Piate", "nb_reviews": "102", "min_price": 2, "max_price": 3, "cuisine": ["Mediterranean", "European", "Vegetarian Friendly"], "address": "300 King Street Ravenscourt Park, London W6 0RR England", "phone_number": "+44 20 8617 1092", "website": "Website not scraped", "menu": "Menu not scraped", "ranking": "#8 of 16,990 Restaurants in London", "rating": "5.0"}
{"restaurant_id": 8, "name": "The Lounge Cafe", "nb_reviews": "231", "min_price": 1, "max_price": 1, "cuisine": ["British", "Vegetarian Friendly", "Vegan Options"], "address": "Welford Centre 113 Chalkhill Road The Welford Centre, London HA9 9FX England", "phone_number": "+44 7771 730946", "website": "Website not scraped", "menu": "Menu not scraped", "ranking": "#13 of 16,990 Restaurants in London", "rating": "5.0"}
{"restaurant_id": 7, "name": "Rendez Vous Caffe", "nb_reviews": "277", "min_price": 2, "max_price": 3, "cuisine": ["Cafe", "International", "British"], "address": "94 High Street, Beckenham BR3 1ED England", "phone_number": "+44 20 8650 0480", "website": "Website not scraped", "menu": "Menu not scraped", "ranking": "#1 of 88 Restaurants in Beckenham", "rating": "5.0"}
{"restaurant_id": 6, "name": "Ottimmo Bao Bao", "nb_reviews": "113", "min_price": 1, "max_price": 1, "cuisine": ["Japanese", "Asian", "Vegetarian Friendly"], "address": "45 Windsor Street, Uxbridge UB8 1AB England", "phone_number": "+44 1895 253049", "website": "Website not scraped", "menu": "Menu not scraped", "ranking": "#1 of 102 Restaurants in Uxbridge", "rating": "5.0"}
{"restaurant_id": 15, "name": "Wild Thyme", "nb_reviews": "194", "min_price": 2, "max_price": 3, "cuisine": ["Cafe", "European", "British"], "address": "2B Thorpebank Road, London W12 0PQ England", "phone_number": "+44 20 8354 9321", "website": "Website not scraped", "menu": "Menu not scraped", "ranking": "#23 of 16,990 Restaurants in London", "rating": "5.0"}
{"restaurant_id": 14, "name": "The French Table", "nb_reviews": "1,213", "min_price": 4, "max_price": 4, "cuisine": ["French", "European", "Vegetarian Friendly"], "address": "85 Maple Road, Surbiton, Kingston upon Thames KT6 4AW England", "phone_number": "+44 20 8399 2365", "website": "Website not scraped", "menu": "Menu not scraped", "ranking": "Ranking not found", "rating": "4.5"}
{"restaurant_id": 13, "name": "Umi", "nb_reviews": "417", "min_price": 2, "max_price": 3, "cuisine": ["Japanese", "Sushi", "Asian"], "address": "30 York Street, Twickenham TW1 3LJ England", "phone_number": "+44 20 8892 2976", "website": "Website not scraped", "menu": "Menu not scraped", "ranking": "#1 of 138 Restaurants in Twickenham", "rating": "5.0"}
{"restaurant_id": 12, "name": "Kulcha Express", "nb_reviews": "36", "min_price": 1, "max_price": 1, "cuisine": ["Indian", "Fast food", "Asian"], "address": "108 The Green, Southall, Ealing UB2 4BQ England", "phone_number": "+44 20 8843 2226", "website": "Website not scraped", "menu": "Menu not scraped", "ranking": "#21 of 75 Restaurants in Southall", "rating": "4.5"}
{"restaurant_id": 11, "name": "Sidra", "nb_reviews": "140", "min_price": 1, "max_price": 1, "cuisine": ["Lebanese", "Cafe", "Mediterranean"], "address": "5 Church Road, Teddington, Richmond TW11 8PF England", "phone_number": "+44 20 8977 2725", "website": "Website not scraped", "menu": "Menu not scraped", "ranking": "#2 of 51 Restaurants in Teddington", "rating": "5.0"}
{"restaurant_id": 20, "name": "Oliveira Organic Vegetarian Kitchen", "nb_reviews": "195", "min_price": 2, "max_price": 3, "cuisine": ["International", "European", "Contemporary"], "address": "469 Upper Richmond Road West, London SW14 7PU England", "phone_number": "+44 20 8255 2462", "website": "Website not scraped", "menu": "Menu not scraped", "ranking": "#30 of 16,990 Restaurants in London", "rating": "5.0"}
{"restaurant_id": 34, "name": "4 Locos Argentine Steakhouse", "nb_reviews": "139", "min_price": 2, "max_price": 3, "cuisine": ["Steakhouse", "Argentinian", "Vegetarian Friendly"], "address": "6-8 Tudor Court- Russell Hill Road, Purley CR8 2LA England", "phone_number": "+44 20 8660 5200", "website": "Website not scraped", "menu": "Menu not scraped", "ranking": "#1 of 32 Restaurants in Purley", "rating": "5.0"}
{"restaurant_id": 35, "name": "Melucci's", "nb_reviews": "277", "min_price": 2, "max_price": 3, "cuisine": ["Italian", "Deli", "Vegetarian Friendly"], "address": "55 Bexley High Street, Bexley DA5 1AB England", "phone_number": "+44 1322 558640", "website": "Website not scraped", "menu": "Menu not scraped", "ranking": "#1 of 36 Restaurants in Bexley", "rating": "5.0"}
{"restaurant_id": 67, "name": "Azou", "nb_reviews": "293", "min_price": 2, "max_price": 3, "cuisine": ["African", "Moroccan", "Mediterranean"], "address": "375 King Street Hammersmith, London W6 9NJ England", "phone_number": "+44 20 8563 7266", "website": "Website not scraped", "menu": "Menu not scraped", "ranking": "#128 of 16,990 Restaurants in London", "rating": "4.5"}
{"restaurant_id": 69, "name": "Tandoori Lounge", "nb_reviews": "341", "min_price": 2, "max_price": 3, "cuisine": ["Indian", "International", "Asian"], "address": "185 High Street, Hornchurch RM11 3XS England", "phone_number": "+44 1708 564767", "website": "Website not scraped", "menu": "Menu not scraped", "ranking": "#1 of 94 Restaurants in Hornchurch", "rating": "4.5"}
{"restaurant_id": 70, "name": "Sebastian's Italian, Richmond", "nb_reviews": "204", "min_price": 2, "max_price": 3, "cuisine": ["Italian", "Pizza", "Mediterranean"], "address": "12-13 King Street, Richmond TW9 1ND England", "phone_number": "+44 20 3745 8282", "website": "Website not scraped", "menu": "Menu not scraped", "ranking": "#5 of 116 Restaurants in Richmond", "rating": "4.5"}
{"restaurant_id": 68, "name": "The Voujon Restaurant", "nb_reviews": "472", "min_price": 2, "max_price": 3, "cuisine": ["Indian", "Asian", "Balti"], "address": "166 Station Road, Chingford, Waltham Forest E4 6AN England", "phone_number": "+44 20 8524 8666", "website": "Website not scraped", "menu": "Menu not scraped", "ranking": "#2 of 42 Restaurants in Chingford", "rating": "4.5"}
{"restaurant_id": 71, "name": "Q Verde", "nb_reviews": "657", "min_price": 2, "max_price": 3, "cuisine": ["Italian", "Mediterranean", "European"], "address": "291 Sandycombe Road, Kew, Richmond TW9 3LU England", "phone_number": "+44 20 8332 2882", "website": "Website not scraped", "menu": "Menu not scraped", "ranking": "#1 of 21 Restaurants in Kew", "rating": "4.5"}
{"restaurant_id": 106, "name": "Wok & Karahi", "nb_reviews": "62", "min_price": 4, "max_price": 4, "cuisine": ["Chinese", "Indian", "Asian"], "address": "13 South Road, Southall, Southall, Ealing UB1 1SU England", "phone_number": "+44 20 8574 7188", "website": "Website not scraped", "menu": "Menu not scraped", "ranking": "Ranking not found", "rating": "5.0"}
{"restaurant_id": 107, "name": "Mario's Pizzeria", "nb_reviews": "453", "min_price": 2, "max_price": 3, "cuisine": ["Italian", "Pizza", "Vegetarian Friendly"], "address": "148 Station Road, Sidcup DA15 7AB England", "phone_number": "+44 20 3260 2132", "website": "Website not scraped", "menu": "Menu not scraped", "ranking": "#1 of 92 Restaurants in Sidcup", "rating": "4.5"}
{"restaurant_id": 115, "name": "Hisar Meze Bar", "nb_reviews": "291", "min_price": 2, "max_price": 3, "cuisine": ["Mediterranean", "European", "Turkish"], "address": "251 High Street, Beckenham BR3 1BN England", "phone_number": "+44 20 8650 0755", "website": "Website not scraped", "menu": "Menu not scraped", "ranking": "#3 of 88 Restaurants in Beckenham", "rating": "4.5"}
{"restaurant_id": 143, "name": "Steak And Lobster Heathrow", "nb_reviews": "1,208", "min_price": 2, "max_price": 3, "cuisine": ["Steakhouse", "Seafood", "British"], "address": "140 Bath Road, Hayes UB3 5AW England", "phone_number": "+44 20 8817 2583", "website": "Website not scraped", "menu": "Menu not scraped", "ranking": "#2 of 83 Restaurants in Hayes", "rating": "4.5"}
{"restaurant_id": 142, "name": "Toscana", "nb_reviews": "479", "min_price": 2, "max_price": 3, "cuisine": ["Italian", "Tuscan", "Central-Italian"], "address": "Station Road Station Road, Sidcup DA15 7DH England", "phone_number": "+44 20 8309 9550", "website": "Website not scraped", "menu": "Menu not scraped", "ranking": "#3 of 92 Restaurants in Sidcup", "rating": "4.5"}
{"restaurant_id": 141, "name": "takaa tak, Hounslow", "nb_reviews": "352", "min_price": 2, "max_price": 3, "cuisine": ["Indian", "Asian", "Vegetarian Friendly"], "address": "274 Bath Road, Hounslow TW4 7DF England", "phone_number": "+44 20 8569 5777", "website": "Website not scraped", "menu": "Menu not scraped", "ranking": "#3 of 185 Restaurants in Hounslow", "rating": "4.5"}
{"restaurant_id": 140, "name": "Kaniz Restaurant", "nb_reviews": "838", "min_price": 2, "max_price": 3, "cuisine": ["Indian", "Vegetarian Friendly", "Vegan Options"], "address": "350-352 Bath Road Heathrow, Harmondsworth UB7 0DE England", "phone_number": "+44 20 8759 7779", "website": "Website not scraped", "menu": "Menu not scraped", "ranking": "Ranking not found", "rating": "4.5"}
{"restaurant_id": 137, "name": "The Cranleigh", "nb_reviews": "610", "min_price": 2, "max_price": 3, "cuisine": ["European", "British", "Vegetarian Friendly"], "address": "84 Station Lane, Hornchurch RM12 6LX England", "phone_number": "+44 1708 443229", "website": "Website not scraped", "menu": "Menu not scraped", "ranking": "#2 of 94 Restaurants in Hornchurch", "rating": "4.5"}
{"restaurant_id": 139, "name": "Masaniello pizzeria", "nb_reviews": "84", "min_price": 2, "max_price": 3, "cuisine": ["Italian", "Pizza", "Mediterranean"], "address": "115 Ewell Road, Surbiton, Kingston upon Thames KT6 6AL England", "phone_number": "+44 20 8399 8336", "website": "Website not scraped", "menu": "Menu not scraped", "ranking": "#6 of 87 Restaurants in Surbiton", "rating": "5.0"}
{"restaurant_id": 136, "name": "Momo Cafe", "nb_reviews": "268", "min_price": 2, "max_price": 3, "cuisine": ["Japanese", "Cafe", "Sushi"], "address": "No. 1 Clarence Street, Staines TW18 4SU England", "phone_number": "+44 1784 469111", "website": "Website not scraped", "menu": "Menu not scraped", "ranking": "#3 of 57 Restaurants in Staines", "rating": "4.5"}
{"restaurant_id": 134, "name": "The Bloomsbury Pub", "nb_reviews": "311", "min_price": 2, "max_price": 3, "cuisine": ["Seafood", "British", "Grill"], "address": "209 Staines Road London, Twickenham TW2 5BB England", "phone_number": "+44 20 8898 8112", "website": "Website not scraped", "menu": "Menu not scraped", "ranking": "#5 of 138 Restaurants in Twickenham", "rating": "4.5"}
{"restaurant_id": 135, "name": "Sebastian's Italian", "nb_reviews": "1,461", "min_price": 2, "max_price": 3, "cuisine": ["Italian", "Pizza", "Neapolitan"], "address": "Unit 3 The Archers 2 Goswell Hill, Windsor SL4 1RH England", "phone_number": "+44 1753 851418", "website": "Website not scraped", "menu": "Menu not scraped", "ranking": "#7 of 131 Restaurants in Windsor", "rating": "4.5"}
{"restaurant_id": 133, "name": "Yo Sushi", "nb_reviews": "351", "min_price": 2, "max_price": 3, "cuisine": ["Japanese", "Sushi", "Asian"], "address": "1-2 Kew Road, Richmond TW9 2NQ England", "phone_number": "+44 20 3595 1298", "website": "Website not scraped", "menu": "Menu not scraped", "ranking": "#7 of 116 Restaurants in Richmond", "rating": "4.5"}
{"restaurant_id": 131, "name": "Karachi Cuisine", "nb_reviews": "547", "min_price": 2, "max_price": 3, "cuisine": ["Indian", "Asian", "Middle Eastern"], "address": "1113-1115 London Road Norbury, Croydon SW16 4XD England", "phone_number": "+44 20 8689 6868", "website": "Website not scraped", "menu": "Menu not scraped", "ranking": "#5 of 337 Restaurants in Croydon", "rating": "4.5"}
{"restaurant_id": 130, "name": "Windsor Grill", "nb_reviews": "631", "min_price": 2, "max_price": 3, "cuisine": ["Steakhouse", "Seafood", "European"], "address": "65 St. Leonards Road, Windsor SL4 3BX England", "phone_number": "+44 1753 859658", "website": "Website not scraped", "menu": "Menu not scraped", "ranking": "#4 of 131 Restaurants in Windsor", "rating": "4.5"}
{"restaurant_id": 129, "name": "Red Onion Cafe", "nb_reviews": "267", "min_price": 1, "max_price": 1, "cuisine": ["Cafe", "British", "Vegetarian Friendly"], "address": "95 High Street, Ruislip HA4 8JB England", "phone_number": "+44 1895 636006", "website": "Website not scraped", "menu": "Menu not scraped", "ranking": "#2 of 80 Restaurants in Ruislip", "rating": "4.5"}
{"restaurant_id": 128, "name": "Shree Sai Vada Pav", "nb_reviews": "238", "min_price": 1, "max_price": 1, "cuisine": ["Indian", "Fast food", "Asian"], "address": "17 Village Way East Pinner, Harrow HA2 7LX England", "phone_number": "+44 7411 290644", "website": "Website not scraped", "menu": "Menu not scraped", "ranking": "#3 of 266 Restaurants in Harrow", "rating": "4.5"}
{"restaurant_id": 127, "name": "Leila Moroccan and Lebanese Restaurant", "nb_reviews": "332", "min_price": 2, "max_price": 3, "cuisine": ["Lebanese", "Moroccan", "Mediterranean"], "address": "Uxbridge Road, London W5 3NN England", "phone_number": "+44 20 8993 2782", "website": "Website not scraped", "menu": "Menu not scraped", "ranking": "#273 of 16,990 Restaurants in London", "rating": "4.5"}
{"restaurant_id": 125, "name": "McDermott's", "nb_reviews": "635", "min_price": 2, "max_price": 3, "cuisine": ["Seafood", "British"], "address": "Featherbed Lane, Croydon CR0 9AS England", "phone_number": "+44 20 8651 1440", "website": "Website not scraped", "menu": "Menu not scraped", "ranking": "#4 of 337 Restaurants in Croydon", "rating": "4.5"}
{"restaurant_id": 124, "name": "The Andover Arms", "nb_reviews": "1,275", "min_price": 2, "max_price": 3, "cuisine": ["Bar", "British", "Pub"], "address": "57 Aldensley Road Hammersmith, London W6 0DL England", "phone_number": "+44 20 8748 2155", "website": "Website not scraped", "menu": "Menu not scraped", "ranking": "#269 of 16,990 Restaurants in London", "rating": "4.5"}
{"restaurant_id": 123, "name": "Pentolina", "nb_reviews": "276", "min_price": 2, "max_price": 3, "cuisine": ["Italian", "Mediterranean", "European"], "address": "71 Blythe Road, London W14 0HP England", "phone_number": "+44 20 3010 0091", "website": "Website not scraped", "menu": "Menu not scraped", "ranking": "#104 of 16,990 Restaurants in London", "rating": "4.5"}
{"restaurant_id": 122, "name": "Squiffy's at the Jolly Coopers", "nb_reviews": "322", "min_price": 2, "max_price": 3, "cuisine": ["Bar", "Mediterranean", "Spanish"], "address": "16 High Street The Jolly Coopers, Hampton TW12 2SJ England", "phone_number": "+44 20 8979 3384", "website": "Website not scraped", "menu": "Menu not scraped", "ranking": "#1 of 24 Restaurants in Hampton", "rating": "4.5"}
{"restaurant_id": 121, "name": "Wags N Tales", "nb_reviews": "304", "min_price": 2, "max_price": 3, "cuisine": ["Cafe", "International", "British"], "address": "7-9 Brighton Road, Surbiton, Kingston upon Thames KT6 5LX England", "phone_number": "+44 20 8390 9617", "website": "Website not scraped", "menu": "Menu not scraped", "ranking": "#5 of 87 Restaurants in Surbiton", "rating": "4.5"}
{"restaurant_id": 119, "name": "Dan Thai", "nb_reviews": "203", "min_price": 2, "max_price": 3, "cuisine": ["Thai", "Vegetarian Friendly", "Vegan Options"], "address": "17 Purley Road Surrey, Purley CR8 2HA England", "phone_number": "+44 20 8668 6668", "website": "Website not scraped", "menu": "Menu not scraped", "ranking": "#2 of 32 Restaurants in Purley", "rating": "4.5"}
{"restaurant_id": 118, "name": "Da Remo Ristorante Italiano", "nb_reviews": "278", "min_price": 2, "max_price": 3, "cuisine": ["Italian", "Mediterranean", "European"], "address": "Village Road, Denham UB9 5BE England", "phone_number": "+44 1895 832425", "website": "Website not scraped", "menu": "Menu not scraped", "ranking": "#1 of 14 Restaurants in Denham", "rating": "4.5"}
{"restaurant_id": 117, "name": "Maison du Mezze", "nb_reviews": "198", "min_price": 2, "max_price": 3, "cuisine": ["Lebanese", "Pizza", "Mediterranean"], "address": "The Bentall Centre, Wood St 1st Floor, Kingston upon Thames KT1 1TP England", "phone_number": "+44 20 3011 1114", "website": "Website not scraped", "menu": "Menu not scraped", "ranking": "#3 of 168 Restaurants in Kingston upon Thames", "rating": "4.5"}
{"restaurant_id": 116, "name": "Di Paolo", "nb_reviews": "715", "min_price": 7, "max_price": 7, "cuisine": ["European", "Contemporary", "Vegetarian Friendly"], "address": "22-24 Oak End Way, Gerrards Cross SL9 8BR England", "phone_number": "+44 1753 880300", "website": "Website not scraped", "menu": "Menu not scraped", "ranking": "#1 of 21 Restaurants in Gerrards Cross", "rating": "4.5"}
{"restaurant_id": 113, "name": "Pascal Bistro", "nb_reviews": "457", "min_price": 2, "max_price": 3, "cuisine": ["French", "European", "Vegetarian Friendly"], "address": "90 Station Road, Sidcup DA15 7DU England", "phone_number": "+44 20 8300 8828", "website": "Website not scraped", "menu": "Menu not scraped", "ranking": "#2 of 92 Restaurants in Sidcup", "rating": "4.5"}
{"restaurant_id": 110, "name": "Sipson Tandoori Indian Restaurant", "nb_reviews": "948", "min_price": 2, "max_price": 3, "cuisine": ["Indian", "Asian", "Balti"], "address": "5-9 Harmondsworth Road Heathrow, West Drayton UB7 9JJ England", "phone_number": "+44 1895 435515", "website": "Website not scraped", "menu": "Menu not scraped", "ranking": "#1 of 48 Restaurants in West Drayton", "rating": "4.5"}
{"restaurant_id": 112, "name": "Limes of Windsor", "nb_reviews": "299", "min_price": 1, "max_price": 1, "cuisine": ["Cafe", "Vegetarian Friendly", "Vegan Options"], "address": "2 Market Street, Windsor SL4 1PB England", "phone_number": "+44 7730 351962", "website": "Website not scraped", "menu": "Menu not scraped", "ranking": "#6 of 131 Restaurants in Windsor", "rating": "4.5"}
{"restaurant_id": 111, "name": "Melisi", "nb_reviews": "326", "min_price": 2, "max_price": 3, "cuisine": ["Italian", "Bar", "Pizza"], "address": "129 High Street, Ruislip HA4 8JY England", "phone_number": "+44 1895 636465", "website": "Website not scraped", "menu": "Menu not scraped", "ranking": "#1 of 80 Restaurants in Ruislip", "rating": "4.5"}
{"restaurant_id": 109, "name": "Enzo's", "nb_reviews": "634", "min_price": 2, "max_price": 3, "cuisine": ["Italian", "Pizza", "Mediterranean"], "address": "83/84 Peascod Street, Windsor SL4 1DH England", "phone_number": "+44 7830 309198", "website": "Website not scraped", "menu": "Menu not scraped", "ranking": "#5 of 131 Restaurants in Windsor", "rating": "4.5"}
{"restaurant_id": 105, "name": "Le Petit Nantais", "nb_reviews": "413", "min_price": 2, "max_price": 3, "cuisine": ["French", "European", "Fusion"], "address": "41 Bridge Road Hampton Court Village, East Molesey KT8 9ER England", "phone_number": "+44 20 8979 2309", "website": "Website not scraped", "menu": "Menu not scraped", "ranking": "#3 of 37 Restaurants in East Molesey", "rating": "4.5"}
{"restaurant_id": 104, "name": "Bekash Tandoori", "nb_reviews": "564", "min_price": 2, "max_price": 3, "cuisine": ["Indian", "Asian", "Balti"], "address": "70 Victoria Road, Romford RM1 2LA England", "phone_number": "+44 1708 737841", "website": "Website not scraped", "menu": "Menu not scraped", "ranking": "#1 of 192 Restaurants in Romford", "rating": "4.5"}
{"restaurant_id": 103, "name": "The Glasshouse", "nb_reviews": "1,038", "min_price": 4, "max_price": 4, "cuisine": ["European", "British", "Vegetarian Friendly"], "address": "14 Station Parade, Kew, Richmond TW9 3PZ England", "phone_number": "+44 20 8940 6777", "website": "Website not scraped", "menu": "Menu not scraped", "ranking": "Ranking not found", "rating": "4.5"}
{"restaurant_id": 101, "name": "Albany Spice", "nb_reviews": "264", "min_price": 2, "max_price": 3, "cuisine": ["Indian", "Asian", "Balti"], "address": "1 Albany Parade, High Street 1 Albany Parade, Brentford, Ealing TW8 0JW England", "phone_number": "+44 20 8569 7026", "website": "Website not scraped", "menu": "Menu not scraped", "ranking": "#1 of 48 Restaurants in Brentford", "rating": "4.5"}
{"restaurant_id": 100, "name": "Caspari", "nb_reviews": "372", "min_price": 2, "max_price": 3, "cuisine": ["Italian", "Pizza", "Vegetarian Friendly"], "address": "3 St. Judes Road, Englefield Green TW20 0DB England", "phone_number": "+44 1784 432044", "website": "Website not scraped", "menu": "Menu not scraped", "ranking": "Ranking not found", "rating": "4.5"}
{"restaurant_id": 99, "name": "Capricho Portuguese Kitchen", "nb_reviews": "397", "min_price": 2, "max_price": 3, "cuisine": ["Seafood", "Mediterranean", "European"], "address": "1 Broadway Parade, Fencepiece Road Barkingside, Ilford IG6 2JU England", "phone_number": "+44 20 8215 2592", "website": "Website not scraped", "menu": "Menu not scraped", "ranking": "#1 of 214 Restaurants in Ilford", "rating": "4.5"}
{"restaurant_id": 97, "name": "Basil & Grape", "nb_reviews": "204", "min_price": 2, "max_price": 3, "cuisine": ["Italian", "Pizza", "Mediterranean"], "address": "46 George Street, Croydon CR0 1PB England", "phone_number": "+44 20 8680 2277", "website": "Website not scraped", "menu": "Menu not scraped", "ranking": "#3 of 337 Restaurants in Croydon", "rating": "4.5"}
{"restaurant_id": 98, "name": "Positano", "nb_reviews": "296", "min_price": 2, "max_price": 3, "cuisine": ["Italian", "Pizza", "Vegetarian Friendly"], "address": "165 Ewell Road, Surbiton, Kingston upon Thames KT6 6AW England", "phone_number": "+44 20 8255 6768", "website": "Website not scraped", "menu": "Menu not scraped", "ranking": "#4 of 87 Restaurants in Surbiton", "rating": "4.5"}
{"restaurant_id": 95, "name": "Wagamama", "nb_reviews": "425", "min_price": 2, "max_price": 3, "cuisine": ["Japanese", "Asian", "Vegetarian Friendly"], "address": "Mustard Mill Road, Staines TW18 4WB England", "phone_number": "+44 1784 682030", "website": "Website not scraped", "menu": "Menu not scraped", "ranking": "#2 of 57 Restaurants in Staines", "rating": "4.5"}
{"restaurant_id": 94, "name": "Jaipur of Chigwell", "nb_reviews": "627", "min_price": 2, "max_price": 3, "cuisine": ["Indian", "Asian", "Balti"], "address": "734 Chigwell Road Woodford Green, Woodford IG8 8AL England", "phone_number": "+44 20 8504 0248", "website": "Website not scraped", "menu": "Menu not scraped", "ranking": "#1 of 58 Restaurants in Woodford", "rating": "4.5"}
{"restaurant_id": 93, "name": "BR6 Restaurant", "nb_reviews": "295", "min_price": 2, "max_price": 3, "cuisine": ["European", "British", "Vegetarian Friendly"], "address": "The Walnuts Bromley College, Orpington Campus, Orpington, Bromley BR6 0TE England", "phone_number": "+44 20 8295 7096", "website": "Website not scraped", "menu": "Menu not scraped", "ranking": "#3 of 120 Restaurants in Orpington", "rating": "4.5"}
{"restaurant_id": 92, "name": "Thanh's Bistro", "nb_reviews": "197", "min_price": 2, "max_price": 3, "cuisine": ["Asian", "Vietnamese", "Vegetarian Friendly"], "address": "56 Lower Addiscombe Road, Croydon CR0 6AA England", "phone_number": "+44 20 8405 4308", "website": "Website not scraped", "menu": "Menu not scraped", "ranking": "#2 of 337 Restaurants in Croydon", "rating": "4.5"}
{"restaurant_id": 91, "name": "Sushi Nara", "nb_reviews": "416", "min_price": 2, "max_price": 3, "cuisine": ["Japanese", "Sushi", "Asian"], "address": "1 Church Street, Staines TW18 4EN England", "phone_number": "+44 1784 558066", "website": "Website not scraped", "menu": "Menu not scraped", "ranking": "#1 of 57 Restaurants in Staines", "rating": "4.5"}
{"restaurant_id": 89, "name": "Lugana Italian Restaurant", "nb_reviews": "328", "min_price": 2, "max_price": 3, "cuisine": ["Italian", "Mediterranean", "European"], "address": "8 Eden Park Avenue, Beckenham BR3 3HN England", "phone_number": "+44 20 8650 3959", "website": "Website not scraped", "menu": "Menu not scraped", "ranking": "#2 of 88 Restaurants in Beckenham", "rating": "4.5"}
{"restaurant_id": 88, "name": "La Palma Italian Restaurant", "nb_reviews": "330", "min_price": 2, "max_price": 3, "cuisine": ["Italian", "Pizza", "Mediterranean"], "address": "52 St. Davids Close, Iver SL0 0RT England", "phone_number": "+44 1753 652100", "website": "Website not scraped", "menu": "Menu not scraped", "ranking": "Ranking not found", "rating": "4.5"}
{"restaurant_id": 87, "name": "The Fireball Pizza Company", "nb_reviews": "340", "min_price": 2, "max_price": 3, "cuisine": ["Italian", "Pizza", "Vegetarian Friendly"], "address": "8 Chatterton Road, Bromley BR2 9QN England", "phone_number": "+44 20 8466 8137", "website": "Website not scraped", "menu": "Menu not scraped", "ranking": "#2 of 178 Restaurants in Bromley", "rating": "4.5"}
{"restaurant_id": 86, "name": "Moksha", "nb_reviews": "278", "min_price": 2, "max_price": 3, "cuisine": ["Indian", "Asian", "Vegetarian Friendly"], "address": "216 Kingston Road, New Malden KT3 3RJ England", "phone_number": "+44 20 8949 2211", "website": "Website not scraped", "menu": "Menu not scraped", "ranking": "#1 of 56 Restaurants in New Malden", "rating": "4.5"}
{"restaurant_id": 83, "name": "Little Mumbai", "nb_reviews": "288", "min_price": 2, "max_price": 3, "cuisine": ["Indian", "Asian", "Grill"], "address": "98 Heath Road, Twickenham TW1 4BW England", "phone_number": "+44 20 8892 1100", "website": "Website not scraped", "menu": "Menu not scraped", "ranking": "#4 of 138 Restaurants in Twickenham", "rating": "4.5"}
{"restaurant_id": 85, "name": "L'oro di Napoli", "nb_reviews": "738", "min_price": 1, "max_price": 1, "cuisine": ["Italian", "Pizza", "Neapolitan"], "address": "6 The Quadrant Little Ealing Lane, London W5 4EE England", "phone_number": "+44 20 3632 5580", "website": "Website not scraped", "menu": "Menu not scraped", "ranking": "Ranking not found", "rating": "4.5"}
{"restaurant_id": 82, "name": "No 97", "nb_reviews": "450", "min_price": 2, "max_price": 3, "cuisine": ["European", "British", "Vegetarian Friendly"], "address": "97 Maple Road, Surbiton, Kingston upon Thames KT6 4AW England", "phone_number": "+44 20 3411 9797", "website": "Website not scraped", "menu": "Menu not scraped", "ranking": "#3 of 87 Restaurants in Surbiton", "rating": "4.5"}
{"restaurant_id": 80, "name": "Trattoria Calabrese", "nb_reviews": "449", "min_price": 2, "max_price": 3, "cuisine": ["Italian", "Pizza", "Mediterranean"], "address": "66 Coombe Road, Kingston upon Thames KT2 7AE England", "phone_number": "+44 20 8546 6968", "website": "Website not scraped", "menu": "Menu not scraped", "ranking": "#2 of 168 Restaurants in Kingston upon Thames", "rating": "4.5"}
{"restaurant_id": 81, "name": "La Trompette", "nb_reviews": "1,102", "min_price": 4, "max_price": 4, "cuisine": ["French", "European", "Vegetarian Friendly"], "address": "3-7 Devonshire Road, London W4 2EU England", "phone_number": "+44 20 8747 1836", "website": "Website not scraped", "menu": "Menu not scraped", "ranking": "#157 of 16,990 Restaurants in London", "rating": "4.5"}
{"restaurant_id": 79, "name": "B&K Salt Beef Bar", "nb_reviews": "183", "min_price": 2, "max_price": 3, "cuisine": ["Vegetarian Friendly"], "address": "11 Lanson House Whitchurch Lane Whitchuch Lane, Edgware HA8 6NL England", "phone_number": "+44 20 8952 8204", "website": "Website not scraped", "menu": "Menu not scraped", "ranking": "#1 of 78 Restaurants in Edgware", "rating": "4.5"}
{"restaurant_id": 77, "name": "Cuore Food From The Earth", "nb_reviews": "99", "min_price": 1, "max_price": 1, "cuisine": ["Italian", "Cafe", "Mediterranean"], "address": "278 Broadway, Bexleyheath DA6 8BE England", "phone_number": "+44 20 8303 5131", "website": "Website not scraped", "menu": "Menu not scraped", "ranking": "#3 of 83 Restaurants in Bexleyheath", "rating": "5.0"}
{"restaurant_id": 76, "name": "Pier 1", "nb_reviews": "698", "min_price": 2, "max_price": 3, "cuisine": ["Seafood", "British", "Vegetarian Friendly"], "address": "11-13 Petersham Road, Richmond TW10 6UH England", "phone_number": "+44 20 8332 2778", "website": "Website not scraped", "menu": "Menu not scraped", "ranking": "#6 of 116 Restaurants in Richmond", "rating": "4.5"}
{"restaurant_id": 75, "name": "Meimo", "nb_reviews": "2,081", "min_price": 2, "max_price": 3, "cuisine": ["Moroccan", "Mediterranean", "Middle Eastern"], "address": "69/70 Peascod Street, Windsor SL4 1DE England", "phone_number": "+44 1753 862222", "website": "Website not scraped", "menu": "Menu not scraped", "ranking": "#2 of 131 Restaurants in Windsor", "rating": "4.5"}
{"restaurant_id": 74, "name": "LEFKE Restaurant & Bar", "nb_reviews": "346", "min_price": 2, "max_price": 3, "cuisine": ["Bar", "Mediterranean", "Barbecue"], "address": "30 Corbets Tey Road, Upminster RM14 2AD England", "phone_number": "+44 1708 224688", "website": "Website not scraped", "menu": "Menu not scraped", "ranking": "#1 of 55 Restaurants in Upminster", "rating": "4.5"}
{"restaurant_id": 73, "name": "Masala Inn Restaurant", "nb_reviews": "291", "min_price": 2, "max_price": 3, "cuisine": ["Indian", "Asian", "Balti"], "address": "220 Broadway, Bexleyheath DA6 7AU England", "phone_number": "+44 20 8304 5314", "website": "Website not scraped", "menu": "Menu not scraped", "ranking": "#2 of 83 Restaurants in Bexleyheath", "rating": "5.0"}
{"restaurant_id": 65, "name": "The Green Dragon", "nb_reviews": "823", "min_price": 2, "max_price": 3, "cuisine": ["Bar", "European", "British"], "address": "2 St. Albans Road, Barnet EN5 4RE England", "phone_number": "+44 20 8449 2972", "website": "Website not scraped", "menu": "Menu not scraped", "ranking": "#1 of 106 Restaurants in Barnet", "rating": "4.5"}
{"restaurant_id": 64, "name": "Madisons", "nb_reviews": "506", "min_price": 2, "max_price": 3, "cuisine": ["American", "Vegetarian Friendly", "Vegan Options"], "address": "32 Homesdale Road, Bromley BR2 9LD England", "phone_number": "+44 20 8460 7544", "website": "Website not scraped", "menu": "Menu not scraped", "ranking": "#1 of 178 Restaurants in Bromley", "rating": "4.5"}
{"restaurant_id": 63, "name": "Young's Peking Restaurant", "nb_reviews": "597", "min_price": 2, "max_price": 3, "cuisine": ["Chinese", "Asian", "Cantonese"], "address": "329 Harrow Road, Wembley HA9 6BA England", "phone_number": "+44 20 8902 2836", "website": "Website not scraped", "menu": "Menu not scraped", "ranking": "#2 of 155 Restaurants in Wembley", "rating": "4.5"}
{"restaurant_id": 61, "name": "Al Boccon Di'vino is Non Solo Vino", "nb_reviews": "943", "min_price": 2, "max_price": 3, "cuisine": ["Italian", "Mediterranean", "European"], "address": "14A Red Lion Street, Richmond TW9 1RW England", "phone_number": "+44 20 8940 9060", "website": "Website not scraped", "menu": "Menu not scraped", "ranking": "#4 of 116 Restaurants in Richmond", "rating": "4.5"}
{"restaurant_id": 59, "name": "Eastern Fire", "nb_reviews": "188", "min_price": 2, "max_price": 3, "cuisine": ["Malaysian", "Sri Lankan", "Vegetarian Friendly"], "address": "Alexandra Avenue, Harrow HA2 9TW England", "phone_number": "+44 20 8866 8386", "website": "Website not scraped", "menu": "Menu not scraped", "ranking": "#2 of 266 Restaurants in Harrow", "rating": "4.5"}
{"restaurant_id": 58, "name": "Buenos Aires Argentine Steakhouse", "nb_reviews": "922", "min_price": 2, "max_price": 3, "cuisine": ["Steakhouse", "Grill", "Argentinian"], "address": "32 Turnham Green Terrace Chiswick, London W4 1QP England", "phone_number": "+44 20 8747 8772", "website": "Website not scraped", "menu": "Menu not scraped", "ranking": "#109 of 16,990 Restaurants in London", "rating": "4.5"}
{"restaurant_id": 56, "name": "Antalya Restaurant Windsor", "nb_reviews": "999", "min_price": 2, "max_price": 3, "cuisine": ["Mediterranean", "Turkish", "Vegetarian Friendly"], "address": "5 Queen Annes Court Peascod Street, Windsor SL4 1DG England", "phone_number": "+44 1753 840396", "website": "Website not scraped", "menu": "Menu not scraped", "ranking": "#1 of 131 Restaurants in Windsor", "rating": "5.0"}
{"restaurant_id": 57, "name": "The Cochin", "nb_reviews": "252", "min_price": 2, "max_price": 3, "cuisine": ["Indian", "Vegetarian Friendly", "Vegan Options"], "address": "108 Heath Road, Twickenham TW1 4BW England", "phone_number": "+44 20 8891 3306", "website": "Website not scraped", "menu": "Menu not scraped", "ranking": "#3 of 138 Restaurants in Twickenham", "rating": "4.5"}
{"restaurant_id": 53, "name": "Sensi", "nb_reviews": "203", "min_price": 2, "max_price": 3, "cuisine": ["Italian", "Pizza", "Mediterranean"], "address": "141 Field End Road, Pinner HA5 1QH England", "phone_number": "+44 20 8866 6682", "website": "Website not scraped", "menu": "Menu not scraped", "ranking": "#1 of 48 Restaurants in Pinner", "rating": "5.0"}
{"restaurant_id": 55, "name": "MOMO & ROTI", "nb_reviews": "99", "min_price": 2, "max_price": 3, "cuisine": ["Asian", "Street Food", "Tibetan"], "address": "22 Kingsley Road, Hounslow TW3 1NP England", "phone_number": "+44 20 8577 9777", "website": "Website not scraped", "menu": "Menu not scraped", "ranking": "#2 of 185 Restaurants in Hounslow", "rating": "5.0"}
{"restaurant_id": 52, "name": "Masa Restaurant", "nb_reviews": "369", "min_price": 2, "max_price": 3, "cuisine": ["Middle Eastern", "Afghani", "Vegetarian Friendly"], "address": "24-26 Headstone Drive, Harrow HA3 5QH England", "phone_number": "+44 20 8861 6213", "website": "Website not scraped", "menu": "Menu not scraped", "ranking": "#1 of 266 Restaurants in Harrow", "rating": "4.5"}
{"restaurant_id": 51, "name": "Chez Lindsay", "nb_reviews": "879", "min_price": 2, "max_price": 3, "cuisine": ["French", "Vegetarian Friendly", "Vegan Options"], "address": "11 Hill Rise, Richmond TW10 6UQ England", "phone_number": "+44 20 8948 7473", "website": "Website not scraped", "menu": "Menu not scraped", "ranking": "#3 of 116 Restaurants in Richmond", "rating": "4.5"}
{"restaurant_id": 49, "name": "Bella Donna", "nb_reviews": "211", "min_price": 2, "max_price": 3, "cuisine": ["Italian", "Pizza", "Mediterranean"], "address": "87 London Road, Morden SM4 5HP England", "phone_number": "+44 20 8640 2488", "website": "Website not scraped", "menu": "Menu not scraped", "ranking": "#1 of 27 Restaurants in Morden", "rating": "4.5"}
{"restaurant_id": 47, "name": "La Belle Epoque", "nb_reviews": "852", "min_price": 4, "max_price": 4, "cuisine": ["French", "European", "Vegetarian Friendly"], "address": "Terminal 5 Wentworth Drive Sofitel London Heathrow, Hounslow TW6 2GD England", "phone_number": "+44 20 8757 5029", "website": "Website not scraped", "menu": "Menu not scraped", "ranking": "Ranking not found", "rating": "5.0"}
{"restaurant_id": 50, "name": "R & H Cafe & Art Gallery", "nb_reviews": "292", "min_price": 2, "max_price": 3, "cuisine": ["Cafe", "Middle Eastern", "Persian"], "address": "15 Richmond Hill, London TW10 6RE England", "phone_number": "+44 20 8948 4087", "website": "Website not scraped", "menu": "Menu not scraped", "ranking": "Ranking not found", "rating": "5.0"}
{"restaurant_id": 46, "name": "Il Vesuvio Restaurant", "nb_reviews": "151", "min_price": 2, "max_price": 3, "cuisine": ["Italian", "Pizza", "Mediterranean"], "address": "Unit 3 Royal Oak Road, Bexleyheath DA6 7AD England", "phone_number": "+44 20 8301 3333", "website": "Website not scraped", "menu": "Menu not scraped", "ranking": "#1 of 83 Restaurants in Bexleyheath", "rating": "5.0"}
{"restaurant_id": 45, "name": "The Clink Restaurant", "nb_reviews": "452", "min_price": 2, "max_price": 3, "cuisine": ["European", "British", "Vegetarian Friendly"], "address": "High Down Lane Highdown Lane, Sutton SM2 5PJ England", "phone_number": "+44 20 8678 9007", "website": "Website not scraped", "menu": "Menu not scraped", "ranking": "#1 of 129 Restaurants in Sutton", "rating": "4.5"}
{"restaurant_id": 44, "name": "Namaste Gurkha", "nb_reviews": "413", "min_price": 2, "max_price": 3, "cuisine": ["Indian", "Asian", "Nepalese"], "address": "1 Parkfield Parade, Feltham, Hounslow TW13 4HJ England", "phone_number": "+44 20 8751 6055", "website": "Website not scraped", "menu": "Menu not scraped", "ranking": "#1 of 50 Restaurants in Feltham", "rating": "5.0"}
{"restaurant_id": 43, "name": "The Beehive", "nb_reviews": "144", "min_price": 2, "max_price": 3, "cuisine": ["Bar", "British", "Pub"], "address": "34 Middle Hill Englefield Green, Egham TW20 0JQ England", "phone_number": "+44 1784 431621", "website": "Website not scraped", "menu": "Menu not scraped", "ranking": "#2 of 33 Restaurants in Egham", "rating": "4.5"}
{"restaurant_id": 40, "name": "Imperial Arms", "nb_reviews": "658", "min_price": 2, "max_price": 3, "cuisine": ["Bar", "British", "Vegetarian Friendly"], "address": "1 Old Hill, Chislehurst BR7 5LZ England", "phone_number": "+44 20 3605 7899", "website": "Website not scraped", "menu": "Menu not scraped", "ranking": "#1 of 35 Restaurants in Chislehurst", "rating": "4.5"}
{"restaurant_id": 41, "name": "Ristorante Del Posto", "nb_reviews": "120", "min_price": 2, "max_price": 3, "cuisine": ["Italian", "Pizza", "Mediterranean"], "address": "139 St. Margarets Road, Twickenham TW1 1RG England", "phone_number": "+44 20 8891 2644", "website": "Website not scraped", "menu": "Menu not scraped", "ranking": "#2 of 138 Restaurants in Twickenham", "rating": "5.0"}
{"restaurant_id": 39, "name": "MyLahore  British Asian Kitchen", "nb_reviews": "217", "min_price": 2, "max_price": 3, "cuisine": ["Indian", "Asian", "British"], "address": "2 Jenkins Lane Unit 1, Barking IG11 0AD England", "phone_number": "+44 20 8594 0100", "website": "Website not scraped", "menu": "Menu not scraped", "ranking": "#1 of 40 Restaurants in Barking", "rating": "5.0"}
{"restaurant_id": 38, "name": "Hei Hing Cafe & Noodle Bar", "nb_reviews": "216", "min_price": 1, "max_price": 1, "cuisine": ["Chinese", "Asian", "Hong Kong"], "address": "14 South Street, Isleworth, Hounslow TW7 7BG England", "phone_number": "+44 20 8569 7417", "website": "Website not scraped", "menu": "Menu not scraped", "ranking": "#1 of 40 Restaurants in Isleworth", "rating": "5.0"}
{"restaurant_id": 37, "name": "Monkey Temple", "nb_reviews": "286", "min_price": 2, "max_price": 3, "cuisine": ["Indian", "Asian", "Nepalese"], "address": "92 Askew Road Shepherd's Bush, London W12 9BL England", "phone_number": "+44 20 8743 4597", "website": "Website not scraped", "menu": "Menu not scraped", "ranking": "#74 of 16,990 Restaurants in London", "rating": "4.5"}
{"restaurant_id": 33, "name": "Mezzet Dar", "nb_reviews": "430", "min_price": 2, "max_price": 3, "cuisine": ["Lebanese", "Mediterranean", "Spanish"], "address": "39 Bridge Road Hampton Court, East Molesey KT8 9ER England", "phone_number": "+44 20 8783 0149", "website": "Website not scraped", "menu": "Menu not scraped", "ranking": "#2 of 37 Restaurants in East Molesey", "rating": "5.0"}
{"restaurant_id": 32, "name": "Obon Sushi & Udon", "nb_reviews": "206", "min_price": 2, "max_price": 3, "cuisine": ["Japanese", "Vegetarian Friendly", "Gluten Free Options"], "address": "42 Richmond Road, Kingston upon Thames KT2 5EE England", "phone_number": "+44 20 8546 5452", "website": "Website not scraped", "menu": "Menu not scraped", "ranking": "#1 of 168 Restaurants in Kingston upon Thames", "rating": "5.0"}
{"restaurant_id": 31, "name": "Awesome Thai #Barnes", "nb_reviews": "656", "min_price": 2, "max_price": 3, "cuisine": ["Asian", "Thai", "Vegetarian Friendly"], "address": "68 Church Road Barnes, London SW13 0DQ England", "phone_number": "+44 20 8563 7027", "website": "Website not scraped", "menu": "Menu not scraped", "ranking": "#66 of 16,990 Restaurants in London", "rating": "4.5"}
{"restaurant_id": 30, "name": "Tamara Lounge", "nb_reviews": "684", "min_price": 2, "max_price": 3, "cuisine": ["Indian", "Asian", "Vegetarian Friendly"], "address": "Uxbridge Road, Uxbridge UB10 0NA England", "phone_number": "+44 20 8848 1919", "website": "Website not scraped", "menu": "Menu not scraped", "ranking": "#17 of 102 Restaurants in Uxbridge", "rating": "3.5"}
{"restaurant_id": 28, "name": "Revolution", "nb_reviews": "1,289", "min_price": 2, "max_price": 3, "cuisine": ["Bar", "Pizza", "British"], "address": "4 Whittaker Avenue Richmond, Richmond TW9 1EH England", "phone_number": "+44 20 8940 1379", "website": "Website not scraped", "menu": "Menu not scraped", "ranking": "#2 of 116 Restaurants in Richmond", "rating": "4.5"}
{"restaurant_id": 29, "name": "Haweli of Ealing", "nb_reviews": "314", "min_price": 2, "max_price": 3, "cuisine": ["Indian", "Asian", "Balti"], "address": "127-129 Uxbridge Road West Ealing, Ealing W13 9AU England", "phone_number": "+44 20 8567 6211", "website": "Website not scraped", "menu": "Menu not scraped", "ranking": "Ranking not found", "rating": "4.5"}
{"restaurant_id": 26, "name": "Ponte Nuovo", "nb_reviews": "907", "min_price": 2, "max_price": 3, "cuisine": ["Italian", "Pizza", "Mediterranean"], "address": "86-88 High Street, Croydon CR0 1NA England", "phone_number": "+44 20 8686 1112", "website": "Website not scraped", "menu": "Menu not scraped", "ranking": "#1 of 337 Restaurants in Croydon", "rating": "4.5"}
{"restaurant_id": 27, "name": "Lentil", "nb_reviews": "345", "min_price": 2, "max_price": 3, "cuisine": ["Indian", "Asian", "Nepalese"], "address": "185 South Ealing Road, London W5 4RH England", "phone_number": "+44 20 8560 5900", "website": "Website not scraped", "menu": "Menu not scraped", "ranking": "#51 of 16,990 Restaurants in London", "rating": "5.0"}
{"restaurant_id": 22, "name": "Doosra", "nb_reviews": "207", "min_price": 2, "max_price": 3, "cuisine": ["Indian", "Vegetarian Friendly", "Vegan Options"], "address": "282 Ewell Road, Surbiton, Kingston upon Thames KT6 7AQ England", "phone_number": "+44 20 3196 7716", "website": "Website not scraped", "menu": "Menu not scraped", "ranking": "#2 of 87 Restaurants in Surbiton", "rating": "5.0"}
{"restaurant_id": 25, "name": "La Plata Steakhouse", "nb_reviews": "221", "min_price": 2, "max_price": 3, "cuisine": ["Steakhouse", "Latin", "Argentinian"], "address": "East Sheen 109 Sheen Lane, Richmond SW14 8AE England", "phone_number": "+44 20 8876 7747", "website": "Website not scraped", "menu": "Menu not scraped", "ranking": "#1 of 116 Restaurants in Richmond", "rating": "5.0"}
{"restaurant_id": 21, "name": "Bella Italia Uxbridge", "nb_reviews": "891", "min_price": 2, "max_price": 3, "cuisine": ["Italian", "Healthy", "Vegetarian Friendly"], "address": "198-200 High Street Intu Uxbridge, Uxbridge UB8 1LB England", "phone_number": "+44 1895 379689", "website": "Website not scraped", "menu": "Menu not scraped", "ranking": "#2 of 102 Restaurants in Uxbridge", "rating": "4.5"}
{"restaurant_id": 24, "name": "Madhu's", "nb_reviews": "528", "min_price": 2, "max_price": 3, "cuisine": ["Indian", "Asian", "Grill"], "address": "39 South Road, Southall, Ealing UB1 1SW England", "phone_number": "+44 20 8574 1897", "website": "Website not scraped", "menu": "Menu not scraped", "ranking": "Ranking not found", "rating": "4.0"}
{"restaurant_id": 23, "name": "Spice Station", "nb_reviews": "214", "min_price": 2, "max_price": 3, "cuisine": ["Indian", "Asian", "Balti"], "address": "140 Station Road, Chingford, Waltham Forest E4 6AN England", "phone_number": "+44 20 8524 0883", "website": "Website not scraped", "menu": "Menu not scraped", "ranking": "#1 of 42 Restaurants in Chingford", "rating": "4.5"}
{"restaurant_id": 18, "name": "Madhu's Heathrow", "nb_reviews": "637", "min_price": 2, "max_price": 3, "cuisine": ["Indian", "Asian", "Vegetarian Friendly"], "address": "Bath Road Sheraton Skyline Hotel London Heathrow, Hayes UB3 5BP England", "phone_number": "+44 20 8564 3380", "website": "Website not scraped", "menu": "Menu not scraped", "ranking": "Ranking not found", "rating": "4.5"}
{"restaurant_id": 19, "name": "Tony Parkin at The Tudor Room", "nb_reviews": "472", "min_price": 4, "max_price": 4, "cuisine": ["European", "British", "Contemporary"], "address": "Great Fosters Stroude Road, Egham TW20 0UR England", "phone_number": "+44 1784 433822", "website": "Website not scraped", "menu": "Menu not scraped", "ranking": "Ranking not found", "rating": "5.0"}
{"restaurant_id": 17, "name": "Mezzet Lebanese Restaurant", "nb_reviews": "1,249", "min_price": 2, "max_price": 3, "cuisine": ["Lebanese", "Mediterranean", "Middle Eastern"], "address": "43 Bridge Road, East Molesey KT8 9ER England", "phone_number": "+44 20 8979 4088", "website": "Website not scraped", "menu": "Menu not scraped", "ranking": "#1 of 37 Restaurants in East Molesey", "rating": "4.5"}
{"restaurant_id": 16, "name": "ITJL", "nb_reviews": "254", "min_price": 1, "max_price": 1, "cuisine": ["Asian", "Vegetarian Friendly", "Vegan Options"], "address": "10 Charcot Road, Colindale NW9 5HR England", "phone_number": "+44 20 3952 7517", "website": "Website not scraped", "menu": "Menu not scraped", "ranking": "Ranking not found", "rating": "5.0"}
